id,salary,month,name
44405,203843,1,Ms. Emilia Peltonen
72801,898645,8,Ms. Oona Kari
34840,919739,1,Mrs. Yashika Belligatti
26021,997850,7,Mr. رادین احمدی
83727,285427,11,Mr. Felix Johansen
35720,952690,6,Mr. Ulf Lukas
38597,409354,6,Miss. Zara Thompson
37480,297956,9,Mr. Philip Willis
36205,525875,7,Miss. Iiris Seppanen
51869,316199,3,Ms. Lidy Withagen
11294,856661,9,Mrs. Aurora King
21906,175102,10,Ms. Hema Shetty
91759,700082,3,Mrs. Phoebe Walker
45725,307176,7,Mrs. Lauren Romero
21732,443079,9,Mr. Niilo Couri
